Brand_Name,Product_Name,Price_Range
OLAPLEX,No. 5 Bond Maintenance Strengthening and Reparative Hair Conditioner,$30.00 - $54.00
Pureology,Hydrate Conditioner,$37.00 - $90.00
Redken,Acidic Bonding Concentrate Conditioner,$33.00 - $64.00
Redken,All Soft Conditioner,$26.00 - $52.00
Biolage,Color Last Conditioner,$24.00 - $42.00
Keracolor,Color + Clenditioner,$22.00
Biolage,Ultra Hydra Source Conditioner,$24.00 - $42.00
Redken,Color Extend Magnetics Conditioner,$26.00 - $52.00
OLAPLEX,Holiday Discovery Kit,$35.00Kit Price ($72 value)($72 value)
Pureology,Strength Cure Conditioner,$37.00 - $90.00
OLAPLEX,In Good Repair Strength & Shine Hair Kit,$50.00Kit Price ($75 value)($75 value)
Redken,Acidic Color Gloss Conditioner,$33.00 - $64.00
Sebastian,Volupt Conditioner,$42.99
Bumble and bumble,Hairdresser's Invisible Oil Hydrating Conditioner,$38.00
Bumble and bumble,Curl 3-in-1 Moisturizing Conditioner,$38.00
Bumble and bumble,Seaweed Nourishing Conditioner,$38.00
Alterna,Caviar Anti-Aging Replenishing Moisture Conditioner,$37.00 - $82.00
Sebastian,Dark Oil Lightweight Conditioner,$42.99
Redken,Extreme Length Conditioner,$26.00 - $52.00
Redken,Extreme Conditioner,$26.00 - $52.00
Pureology,Hydrate Sheer Conditioner,$37.00 - $90.00
Curlsmith,Multi-Tasking Conditioner,$28.00 - $89.00
Bumble and bumble,Bond-Building Repair Conditioner,$38.00
Virtue,Flourish Thickening & Detangling Conditioner,$46.00
Camille Rose,Moroccan Pear Conditioning Custard,$12.59
Matrix,Food For Soft Detangling Hydrating Conditioner,$20.00 - $40.00
Redken,Frizz Dismiss Sulfate-Free Conditioner,$26.00 - $52.00
Redken,Volume Injection Conditioner,$26.00 - $52.00
Redken,All Soft Mega Curls Conditioner,$26.00 - $52.00
Bondi Boost,HG Conditioner for Thinning Hair,$24.00 - $30.00
Joico,Defy Damage Protective Conditioner,$18.20 - $31.50$26.00 - $45.00
Sebastian,Drench Conditioner,$42.99
Paul Mitchell,Tea Tree Lavender Mint Moisturizing Conditioner,$25.00 - $56.00
Ouidad,Advanced Climate Control Defrizzing Conditioner,$24.00
Biolage,Volume Bloom Conditioner,$24.00 - $42.00
Verb,Ghost Conditioner for Fine Hair,$20.00 - $44.00
OUAI,Fine Hair Conditioner,$32.00 - $64.00
Joico,K-PAK Color Therapy Conditioner,$16.80 - $30.45$24.00 - $43.50
Matrix,Mega Sleek Conditioner,$20.00 - $40.00
Sebastian,Penetraitt Conditioner,$42.99
Ouidad,Curl Quencher Moisturizing Conditioner,$24.00
Biolage,Hydra Source Conditioning Balm,$24.00 - $52.00
Paul Mitchell,Tea Tree Special Conditioner,$20.00 - $50.00
OUAI,Medium Hair Conditioner,$32.00 - $64.00
Innersense Organic Beauty,Hydrating Cream Conditioner,$30.00 - $74.00
Redken,Acidic Bonding Curls Silicone-Free Conditioner,$33.00 - $64.00
Nioxin,Scalp + Hair Thickening System 4 Conditioner,$26.00 - $52.00
Kenra Professional,Daily Provision,$18.00
Virtue,Hydrating Recovery Conditioner,$44.00 - $90.00
Biolage,Scalp Sync Universal Conditioner,$24.00 - $42.00
Joico,Moisture Recovery Conditioner,$16.80 - $30.45$24.00 - $43.50
Biolage,Strength Recovery Conditioner for Damaged Hair,$24.00 - $42.00
LolaVie,Restorative Conditioner,$31.00 - $62.00
Virtue,Thickening Full Conditioner,$44.00 - $90.00
American Crew,"3-In-1 Shampoo, Conditioner and Body Wash",$25.00 - $42.00
Kenra Professional,Volume Conditioner,$21.00
Pureology,Nanoworks Gold Conditioner,$50.00 - $130.00
UNITE Hair,7SECONDS Conditioner,$36.00
Biolage,Smooth Proof Conditioner,$24.00 - $42.00
Ouidad,Unbreakable Bonds Bond Building Conditioner,$26.00
Virtue,Smooth Conditioner,$44.00
Verb,Ghost and Go! Kit,$50.00
Redken,Blondage Color Depositing Purple Conditioner,$26.00 - $52.00
Kenra Professional,Violet Conditioner,$21.00
It's A 10,Miracle Deep Conditioner Plus Keratin,$26.00 - $65.00
Divi,Conditioner,$32.00
Bumble and bumble,Curl 3-in-1 Moisturizing Conditioner,$38.00 - $113.00
It's A 10,Miracle Moisture Daily Conditioner,$26.00 - $55.00
Odele,Smoothing Conditioner,$11.99
OLAPLEX,No.5P Blonde Hair Hydrating & Brightening Purple Toning Conditioner,$30.00
SEEN,"Conditioner, Fragrance Free",$29.00
Ouidad,VitalCurl+ Plus Balancing Rinse Conditioner,$24.00
Sol de Janeiro,Brazilian Joia Strengthening + Smoothing Conditioner,$12.00 - $26.00
Matrix,A Curl Can Dream Weightless Moisture Conditioner For Waves,$20.00 - $40.00
Matrix,Keep Me Vivid Conditioner,$20.00 - $40.00
Pureology,Pure Volume Conditioner,$37.00 - $90.00
DevaCurl,CURLHEIGHTS Volume + Body Boost Conditioner,$34.00
Kenra Professional,Triple Repair Conditioner Bonding for Damaged Hair,$26.00 - $52.00
Curlsmith,Essential Moisture Conditioner,$26.00
Fairy Tales,Static Free Detangling Spray,$10.95
American Crew,"3-in-1 Tea Tree Shampoo, Conditioner and Body Wash",$25.00 - $42.00
Matrix,Instacure Build-A-Bond Mighty Care Conditioner for Very Damaged Hair,$24.00 - $48.00
Bumble and bumble,Thickening Volume Conditioner,$38.00 - $113.00
Living Proof,Restore Conditioner for Stronger + Softer Hair,$34.00 - $67.00
Divi,Volumizing Conditioner,$32.00
DevaCurl,ONE CONDITION ORIGINAL Rich Cream Conditioner,$32.00
Kenra Professional,Moisture Conditioner,$21.00 - $46.00
Alterna,Restructuring Bond Repair Conditioner,$56.00
Innersense Organic Beauty,Pure Inspiration Daily Conditioner,$30.00
OLAPLEX,Travel Size No.5 Bond Maintenance Conditioner,$15.00
Pureology,Strength Cure Blonde Purple Conditioner,$37.00 - $90.00
Bumble and bumble,Bond-Building Repair Conditioner,$38.00 - $113.00
Matrix,Brass Off Blue Pigmented Conditioner,$20.00 - $40.00
Kitsch,Rice Water Protein Hair Conditioner Bar,$14.00
Kenra Professional,Color Protecting Conditioner,$21.00 - $46.00
Odele,Purple Conditioner,$11.99
Sebastian,Dark Oil Lightweight Conditioner,$19.99 - $42.99
SoCozy,Curl Conditioner for Kids Ultra-Hydrating Conditioner,$9.99
Living Proof,No Frizz Conditioner for Smoothing + Humidity,$34.00 - $67.00
Wella,Ultimate Repair Conditioner,$18.00 - $55.00
Paul Mitchell,Paul Mitchell The Detangler,$15.50 - $34.00
Matrix,So Silver Purple Pigmented Conditioner,$20.00 - $40.00
Ouidad,Curl Quencher Moisturizing Conditioner,$24.00 - $60.00
Odele,Volumizing Conditioner,$11.99
Sebastian,Volupt Conditioner,$19.99
Briogeo,"Don't Despair, Repair! Super Moisture Conditioner",$39.00 - $69.00
Paul Mitchell,Original The Conditioner Moisture Balancing Leave-In,$15.50 - $34.00
L'Oréal,EverPure Sulfate-Free Bond Strengthening Conditioner,$9.99
Verb,Hydrate Conditioner for Dry and Frizzy Hair,$20.00 - $44.00
Keratin Complex,Color Care Smoothing Conditioner,$28.00 - $48.00
PATTERN,Intensive Conditioner For Curls & Coils,$28.00 - $49.00
Odele,Moisture Repair Conditioner,$11.99
Wella,Invigo Brilliance Conditioner For Normal Hair,$19.90 - $38.40
Innersense Organic Beauty,Color Radiance Daily Conditioner,$30.00
DevaCurl,ONE CONDITION DECADENCE Ultra-Rich Cream Conditioner,$32.00 - $58.00
Matrix,High Amplify Conditioner,$20.00 - $40.00
Kenra Professional,Volume Conditioner,$21.00 - $46.00
Andrew Fitzsimons,Virgin Repair Restructuring Conditioner,$16.00
Bondi Boost,Thickening Therapy Conditioner,$30.00
Fairy Tales,Super Charge Detangling Conditioner,$10.95
Keratin Complex,Vanilla Bean Deep Conditioner,$30.00
Sebastian,Drench Conditioner,$19.99 - $42.99
AG Care,Boost Apple Cider Vinegar Silicone-Free Conditioner,$34.00 - $68.00
DevaCurl,CURLBOND Re-Coiling Cream Conditioner,$34.00
AG Care,Jumbo Liter Pump for 1L and 33.8 fl. oz Bottles,$3.00
Bumble and bumble,Thickening Volume Shampoo + Conditioner Jumbo with Travel Size Primer,$149.00Kit Price ($238 value)($238 value)
Divi,Hydrating Conditioner,$32.00
Odele,Curl Defining Conditioner,$11.99
Paul Mitchell,Color Protect Conditioner,$15.50 - $34.00
L'anza,Healing ColorCare Color-Preserving Conditioner,$37.00
FEKKAI,Super Strength+ Conditioner,$28.50
Nioxin,Scalp + Hair Thickening System 3 Conditioner,$26.00 - $52.00
SEEN,Conditioner,$29.00
Joico,Blonde Life Brightening Conditioner,$18.20 - $31.50$26.00 - $45.00
Paul Mitchell,Tea Tree Special Color Conditioner,$25.00 - $56.00
Matrix,Color Obsessed Conditioner,$20.00
Virtue,Hydrating Curl Conditioner,$44.00
Not Your Mother's,Naturals Tahitian Gardenia & Mango Butter Curl Definition Conditioner,$8.99
Keracolor,Color + Clenditioner Liter,$44.00
Verb,"Curl Conditioner for Waves, Curls, and Coils",$20.00 - $44.00
Sebastian,Penetraitt Conditioner,$19.99 - $42.99
Wella,Invigo Nutri-Enrich Conditioner,$19.90 - $38.40
Paul Mitchell,Awapuhi Wild Ginger HydraSoft Conditioner,$29.50 - $67.00
Matrix,Instacure Anti-Breakage Conditioner,$20.00 - $40.00
Joico,JoiFULL Volumizing Conditioner for Fine/Thin Hair,$16.80 - $30.45$24.00 - $43.50
Nexxus,Keraphix Conditioner,$17.99 - $27.99
Drybar,Big Brew Thickening & Lifting Conditioner,$32.00
PATTERN,Heavy Conditioner For Coilies,$28.00 - $49.00
UNITE Hair,BOOSTA Conditioner For Volume,$36.00
Paul Mitchell,Tea Tree Scalp Care Regeniplex Conditioner,$30.00 - $60.00
Joico,Colorful Anti-Fade Conditioner for Long-Lasting Color Vibrancy,$16.80 - $30.45$24.00 - $43.50
Rizos Curls,Deep Conditioner,$22.00
Drybar,Liquid Glass Smoothing Conditioner,$29.00 - $59.00
Kenra Professional,Platinum Luxe Shine Conditioner,$23.00 - $50.00
Pureology,Travel Size Hydrate Conditioner,$11.00
Biolage,Bond Therapy Conditioner,$28.00 - $48.00
SEEN,"Deeper Conditioner, Fragrance Free",$29.00
Kenra Professional,Platinum Thickening Conditioner,$23.00 - $50.00
Rizos Curls,Biotin Conditioner,$22.00
Redken,Travel Size All Soft Conditioner,$8.00
Joico,Color Balance Purple Conditioner,$16.80 - $30.45$24.00 - $43.50
Keranique,Volumizing Follicle Strengthening Conditioner,$24.00
KRISTIN ESS HAIR,Moisture Rich Curl Conditioner,$12.00 - $28.00
Bondi Boost,Heavenly Hydration Intensely Hydrating Conditioner,$30.00
Briogeo,Destined For Density Caffeine + Biotin Peptide Conditioner,$32.00
PATTERN,Lightweight Conditioner,$28.00 - $49.00
Not Your Mother's,Curl Talk Bond Building Conditioner,$8.99
Briogeo,Curl Charisma Rice Amino + Shea Curl Defining Conditioner,$28.00 - $69.00
It's A 10,Silk Express Miracle Silk Conditioner,$26.00 - $67.00
OUAI,Travel Size Fine Conditioner,$14.00
Paul Mitchell,Instant Moisture Conditioner,$15.50 - $41.00
SheaMoisture,Curl & Shine Coconut & Hibiscus Conditioner,$12.49 - $17.99
Verb,"Moisturizing Glossy Conditioner for Dry, Dull Hair",$20.00 - $44.00
L'Oréal,EverPure Moisture Sulfate-Free Conditioner,$9.99 - $17.99
SheaMoisture,Low Porosity Weightless Hydrating Conditioner,$12.99
Nioxin,Scalp + Hair Thickening System 1 Conditioner,$26.00 - $52.00
Alterna,Caviar Anti-Aging Multiplying Volume Conditioner,$37.00 - $56.00
L'anza,Healing Strength Manuka Honey Conditioner,$37.00
Curlsmith,Full Body Milk Conditioner,$26.00
Color Wow,Color Security Conditioner for Normal-to-Thick Hair,$24.00
Kenra Professional,Platinum Color Charge Conditioner,$23.00 - $50.00
Paul Mitchell,Extra-Body Conditioner,$15.50 - $34.00
Mielle,Rosemary Mint Strengthening Conditioner,$7.69$10.99
Nioxin,Scalp Recovery System Moisturizing Conditioner,$26.00 - $60.00
Ouidad,Moisture Lock Whipped Curls Daily Conditioner & Primer,$26.00
Kenra Professional,Platinum Restorative Conditioner,$23.00 - $50.00
Bumble and bumble,Super Rich Hair Conditioner,$36.00
Bumble and bumble,Seaweed Nourishing Conditioner,$38.00 - $113.00
Biolage,Hydra Source Daily Leave-In Cream,$26.00
Ouidad,Botanical Boost Curl Energizing & Refreshing Spray,$22.00
Kitsch,Rosemary & Biotin Volumizing Conditioner Bar,$14.00
American Crew,"3-in-1 Ginger + Tea Shampoo, Conditioner and Body Wash",$25.00
CurlMix,Wash and Go Conditioner,$21.00
Nexxus,Color Assure Conditioner,$17.99 - $27.99
Verb,Volume Enhancing Conditioner,$20.00 - $44.00
Design Essentials,Almond & Avocado Moisturizing & Detangling Conditioner,$13.99 - $33.00
Wella,Invigo Brilliance Conditioner For Coarse Hair,$19.90 - $38.40
Not Your Mother's,Way to Grow Leave-In Conditioner,$8.49
Fairy Tales,Rosemary Repel Conditioning Spray,$13.95 - $30.00
Not Your Mother's,Way to Grow Long & Strong Conditioner,$7.99
Bed Head,Recovery Moisture Rush Conditioner,$17.50 - $34.00
SEEN,Deeper Conditioner,$29.00
MONDAY Haircare,Travel Size MOISTURE Conditioner,$1.74$3.49
Bondi Boost,Dandruff Repair Conditioner with 2% Salicylic Acid,$24.00
Sexy Hair,Healthy Sexy Hair Color-Safe Moisturizing Conditioner,$20.95 - $34.95
L'anza,Healing Moisture Kukui Nut Conditioner,$37.00
Joico,Liter Pump for Shampoo and Conditioner Liter Bottles,$2.80$4.00
Curlsmith,Travel Size Multi-Tasking Conditioner,$12.50
Living Proof,Curl Conditioner,$36.00 - $67.00
Ouidad,VitalCurl+ Plus Balancing Rinse Conditioner,$24.00 - $70.00
L'anza,Healing Volume Thickening Conditioner,$37.00
Viviscal,Strengthening Conditioner,$19.99
Kitsch,Coconut Oil Deep Moisturizing Hair Conditioner Bar,$14.00
Paul Mitchell,Awapuhi Moisture Conditioning Mist,$20.00
Not Your Mother's,Kids Curly Care Moisturizing Conditioner,$6.99
MONDAY Haircare,MOISTURE Conditioner,$7.99 - $15.99
tgin,Rosewater Frizz Free Hydrating Conditioner,$14.99
Briogeo,Superfoods Banana + Coconut Nourishing Shampoo + Conditioner Duo for Dry Hair,$52.00Kit Price ($58 value)($58 value)
Coco & Eve,Like A Virgin Super Hydrating Cream Conditioner,$20.00 - $21.60$25.00 - $27.00
Briogeo,"Superfoods Apple, Matcha + Kale Replenishing Shampoo + Conditioner Duo",$52.00Kit Price ($58 value)($58 value)
Curlsmith,Post-Wash Calming Conditioner,$28.00
OUAI,Travel Size Medium Conditioner,$14.00
Keranique,Color Boost Follicle Strengthening Conditioner,$24.00
AG Care,Colour Savour Colour Protecting Conditioner,$26.00 - $60.00
Drybar,Glossy Gang On-The-Go,$39.00Kit Price ($52 value)($52 value)
Bed Head,Resurrection Repair Conditioner for Damaged Hair,$17.50 - $34.00
AG Care,Curl Fresh Coconut Avocado Conditioner,$34.00 - $68.00
Sexy Hair,Healthy Sexy Hair Strengthening Conditioner,$21.95 - $45.95
FEKKAI,Brilliant Gloss Conditioner,$25.00 - $65.00
MONDAY Haircare,SMOOTH Conditioner,$7.99 - $15.99
Better Not Younger,Wake Up Call Volumizing Conditioner,$29.00 - $45.00
Kitsch,Rice Water Protien Strengthing Shampoo & Conditioner Bar Combo Pack,$28.00
Wella,Elements Renewing Conditioner,$25.00 - $54.30
Not Your Mother's,Matcha Green Tea & Wild Apple Blossom Ultimate Nutrition Conditioner,$8.99
Biolage,Travel Size Color Last Conditioner,$6.50
Redken,Travel Size Color Extend Magnetics Conditioner,$8.00
Bumble and bumble,Thickening Volume Conditioner,$18.50 - $56.50
Odele,Ultra Sensitive Conditioner,$11.99
Bondi Boost,Rapid Repair Bond Builder+ Conditioner for Damaged Hair,$24.00 - $30.00
IGK,Pay Day Instant Repair Conditioner,$32.00
Kenra Professional,Violet Conditioner,$21.00 - $46.00
Wella,Nutricurls Detangling Conditioner,$25.00 - $54.30
Ouidad,Coil Infusion Triple Treat Deep Conditioner,$38.00
Sun Bum,Revitalizing 3 In 1 Leave In Treatment,$16.99
L'anza,Healing Smooth Glossifying Conditioner,$37.00
L'anza,Healing ColorCare Trauma Treatment Restorative Conditioner,$38.00
Fairy Tales,Rosemary Repel Creme Conditioner,$13.95 - $29.95
Biolage,Travel Size Hydra Source Conditioner,$6.50
Mixed Chicks,Detangling Deep Conditioner Treatment For Dry Hair,$13.99
Joico,"Blonde Life Violet Conditioner for Cool, Bright Blondes",$18.20 - $31.50$26.00 - $45.00
Sexy Hair,Big Sexy Hair Volumizing Conditioner,$20.95 - $34.95
Nioxin,Scalp Relief Scalp + Hair Conditioner,$26.00 - $60.00
Garnier,Fructis Hair Filler Strength Repair Conditioner,$9.99
SheaMoisture,100% Pure Jamaican Black Castor Oil Leave In Conditioner,$15.49
KRISTIN ESS HAIR,Style Reviving Dry Conditioner,$15.00
Nexxus,Clean & Pure Nourishing Detox Conditioner,$17.99 - $27.99
Wella,ColorMotion+ Conditioner,$25.00 - $54.30
L'Oréal,EverPure Sulfate Free Restoring Conditioner with Antioxidants,$9.99
OUAI,Travel Size Thick Conditioner,$14.00
KRISTIN ESS HAIR,One Purple Conditioner,$12.00 - $28.00
Pureology,Travel Size Strength Cure Conditioner,$11.00
NatureLab. Tokyo,Perfect Repair Conditioner,$15.00 - $23.00
Bumble and bumble,Creme de Coco Coconut Conditioner,$36.00
Bondi Boost,Anti-Frizz Smoothing Conditioner with Vitamin C & Argan Oil,$30.00
Sebastian,Volupt Conditioner,$19.99 - $42.99
Keranique,Deep Hydration Follicle Strengthening Conditioner,$24.00
IGK,Good Behavior Ultra Smooth Conditioner,$32.00
Redken,Travel Size Acidic Color Gloss Conditioner,$13.00
Grande Cosmetics,GrandeHAIR Full Boost Conditioner,$28.00
Paul Mitchell,Bond Rx Conditioner,$27.00 - $48.50
BREAD BEAUTY SUPPLY,Hair-Mask Deep Conditioner,$14.00 - $28.00
IGK,More Life Color Extending Gloss Conditioner,$32.00
DERMA E,Psorzema Scalp Relief Conditioner,$7.80$13.00
OGX,Hydrate + Repair Argan Oil of Morocco Extra Strength Conditioner,$5.34$10.69
Paul Mitchell,Clean Beauty Hydrate Conditioner,$28.50
Briogeo,Farewell Frizz Smoothing Conditioner,$28.00 - $69.00
FEKKAI,Technician Color Conditioner,$25.00 - $65.00
SheaMoisture,Manuka Honey & Yogurt Hydrate + Repair Conditione,$12.99
Bondi Boost,3-Step Volume & Thickening Haircare Set for Instant Volume and Fullness,$32.00
Coco & Eve,Youth Revive Pro Youth Conditioner,$22.40$28.00
Joico,Color Balance Blue Conditioner,$16.80$24.00
Kitsch,Rosemary & Biotin Volumizing Shampoo and Conditioner Combo Pack,$28.00
Redken,Brews Daily Conditioner,$20.00
Madison Reed,ColorSolve Daily Moisture Conditioner,$24.00
Not Your Mother's,Tough Love Bonding Conditioner,$11.99
Briogeo,Superfoods Mango + Cherry Oil Control & Balancing Conditioner,$30.00 - $65.00
Drybar,On The Rocks Lightweight Conditioner,$59.00
Mielle,Pomegranate & Honey Moisturizing and Detangling Conditioner,$9.79$13.99
Kitsch,Castor Oil Nourishing Solid Conditioner Bar,$14.00
Bed Head,Colour Goddess Conditioner For Coloured Hair,$17.50 - $34.00
IGK,Legendary Dream Hair Conditioner,$32.00
SheaMoisture,Anti-Dandruff Apple Cider Vinegar & Salicylic Acid Conditioner,$14.99
Bumble and bumble,Full Potential Hair Preserving Conditioner,$38.00
Color Wow,Curl Coco-Motion Lubricating Conditioner,$29.00
Mielle,Pomegranate & Honey Moisturizing And Detangling Conditioner,$21.69$30.99
SheaMoisture,Jamaican Black Castor Oil Strengthen & Restore Rinse-Out Conditioner,$12.49 - $17.99
Kitsch,Shea Butter Hydrating Conditioner Bar,$14.00
Eva Nyc,H2-Whoa! Hydrating Conditioner,$14.00
KRISTIN ESS HAIR,Extra Gentle Conditioner,$12.00
Pureology,Travel Size Nanoworks Gold Conditioner,$17.00
Paul Mitchell,Super Strong Conditioner,$17.50 - $41.00
IGK,Extra Love Volume & Thickening Conditioner,$32.00
Living Proof,Travel Size Full Conditioner for Volume + Fullness,$17.00
Paul Mitchell,Platinum Blonde Conditioner,$20.00 - $43.50
NatureLab. Tokyo,Perfect Volume Conditioner,$15.00 - $23.00
Briogeo,Destined for Density Thick + Full Hair Care Value Set,$135.00Kit Price ($181 value)($181 value)
L'Oréal,EverPure Sulfate-Free Purple Conditioner,$9.99
Nexxus,Amino Bond Conditioner,$17.99
AG Care,Sterling Silver Toning Conditioner,$26.00 - $60.00
SheaMoisture,Amla Oil Bond Repair Conditioner,$14.99
Madison Reed,ColorSolve Total Volume Conditioner,$24.00
Alterna,Caviar Anti-Aging Smoothing Anti-Frizz Conditioner,$37.00 - $56.00
FEKKAI,Full Blown Volume Conditioner,$25.00
Fairy Tales,Curly-Q Hydrating Conditioner,$12.95
Redken,Travel Size Extreme Conditioner,$8.00
Briogeo,"Be Gentle, Be Kind Aloe+ Oat Milk Ultra Soothing Fragrance-Free Hypoallergenic Conditioner",$28.00
Briogeo,Superfoods Banana + Coconut Nourishing Conditioner,$30.00 - $65.00
Better Not Younger,Full Transparency Shine Revitalizing Conditioner,$29.00
Briogeo,Color Me Brilliant Mushroom + Bamboo Color Protect Conditioner,$32.00
Pureology,Travel Size Hydrate Sheer Conditioner,$11.00
Curlsmith,Travel Size Essential Moisture Conditioner,$12.50
Briogeo,Superfoods Kale + Apple Replenishing Conditioner,$30.00 - $65.00
Keratin Complex,Color Care Smoothing Duo,$20.00
Paul Mitchell,Clean Beauty Anti-Frizz Conditioner,$28.50
Kitsch,Purple Toning Shampoo & Conditioner Bar Combo Pack,$28.00
SheaMoisture,Coconut & Hibiscus Curl & Shine Conditioner Travel Size,$3.99
Garnier,Fructis Hair Filler Moisture Repair Conditioner,$9.99
Bed Head,Moisture Maniac Moisturizing Hair Conditioner,$17.50
Living Proof,Travel Size Perfect Hair Day Conditioner for Hydration + Shine,$17.00
Andrew Fitzsimons,Fantasy Curls Nourishing Conditioner,$16.00
DERMA E,Alba Ramos Clean Curls 2-In-1 Curl Conditioner + Co-Wash,$9.30$15.50
Nick Stenson Beauty,Moisture Conditioner,$34.00
Coco & Eve,Hair Volumizing Conditioner,$23.20$29.00
Madison Reed,ColorSolve Frizz Away Conditioner,$24.00
Divi,Travel Size Hydrating Conditioner,$11.00
AG Care,Vita C Strengthening Conditioner,$26.00 - $60.00
L'Oréal,Elvive Hyaluron Plump Hydrating Conditioner,$5.99
Innersense Organic Beauty,Bright Balance Conditioner,$32.00
Innersense Organic Beauty,Clarity Fragrance-Free Conditioner,$30.00
Pureology,Travel Size Pure Volume Conditioner,$11.00
MONDAY Haircare,VOLUME Conditioner,$7.99
It's A 10,Scalp Restore Miracle Tingling Conditioner,$30.00
Bondi Boost,Blonde Baby Toning & Hydrating Purple Conditioner,$30.00
Verb,Travel Size Ghost Conditioner,$9.00
Design Essentials,Agave & Lavender Moisturizing & Detangling Conditioner,$11.99
Biosilk,Silk Therapy Conditioner,$19.00
Alterna,Caviar Anti-Aging Infinite Color Hold Conditioner,$37.00
Joico,Travel Size Defy Damage Protective Conditioner,$6.30$9.00
BREAD BEAUTY SUPPLY,Baby-Soft: Hair Conditioner,$24.00
LUSH,American Cream Conditioner,$13.50
It's A 10,Blow Dry Miracle Glossing Glaze Conditioner,$28.00
Drybar,Cure Liqueur Strengthening Conditioner,$32.00
It's A 10,Potion Miracle Daily Conditioner,$26.00
Kitsch,Tea Tree & Mint Clarifying Solid Conditioner Bar,$14.00
Carol's Daughter,Goddess Strength Fortifying Conditioner,$12.99
Redken,Travel Size Frizz Dismiss Sulfate-Free Conditioner,$8.00
Kreyòl Essence,Haitian Black Castor Oil Scalp Care Conditioner,$22.00
Nick Stenson Beauty,Travel Size Moisture Conditioner,$10.00
Nick Stenson Beauty,Travel Size Volume Conditioner,$10.00
Chi,Keratin Reconstructing Conditioner,$20.00
Bumble and bumble,Travel Size Hairdresser's Invisible Oil Hydrating Conditioner,$16.00Kit Price ($16 value)($16 value)
Paul Mitchell,Clean Beauty Repair Conditioner,$28.50
Drybar,Blonde Ale Brightening Conditioner,$59.00
OGX,Renewing + Argan Oil of Morocco Conditioner,$10.69 - $17.79
Bumble and bumble,Travel-Size Hydrating + Frizz Reducing Hair Set,$25.00Kit Price ($48 value)($48 value)
Not Your Mother's,Blonde Moment Tone & Repair Purple Conditioner,$8.99
MONDAY Haircare,CURL DEFINE Conditioner,$7.99
OGX,Thick & Full + Biotin & Collagen Conditioner,$17.79
Rizos Curls,Travel Size Biotin Conditioner,$11.00
Living Proof,Travel Size No Frizz Conditioner,$17.00
Eva Nyc,Tone It Down Blonde Conditioner,$14.00
KRISTIN ESS HAIR,Fragrance Free Shine Enhancing Conditioner,$12.00
Coco & Eve,Sweet Repair Repairing & Restoring Conditioner,$22.40$28.00
Shimmer Lights,Purple Conditioner for Blonde & Silver Hair,$12.99 - $21.99
Fairy Tales,Daily Cleanse Kids Everyday Conditioner,$10.95
Andrew Fitzsimons,Body Volume Boosting Conditioner,$16.00
Pacifica,Rosemary Mint Scalp Love Conditioner,$11.00
Paul Mitchell,Travel Size Original The Conditioner,$7.50
Joico,Travel Size K-PAK Color Therapy Conditioner,$6.30$9.00
Living Proof,Travel Size Restore Conditioner for Stronger + Softer Hair,$17.00
L'Oréal,EverPure Sulfate Free Thickening Conditioner,$9.99
Every Man Jack,Tea Tree Men's 2-in-1 Thickening Shampoo + Conditioner,$8.24$10.99
Mielle,Babassu Oil & Mint Deep Conditioner,$10.49$14.99
L'Oréal,Travel Size EverPure Sulfate Free Purple Conditioner,$5.49
Biolage,Bond Therapy Conditioning Foam,$28.00
dpHUE,Apple Cider Vinegar Lightweight Conditioner,$32.00
Pacifica,Pineapple Papaya Curl Care Conditioner,$11.00
Divi,Travel Size Volumizing Conditioner,$11.00
Mielle,Mango and Tulsi Nourishing Conditioner,$10.49$14.99
Pureology,Travel Size Smooth Perfection Conditioner,$11.00
PATTERN,Travel Size Medium Conditioner For Curlies,$12.00
Paul Mitchell,Travel Size Tea Tree Lavender Mint Moisturizing Conditioner,$9.50
Mielle,Avocado & Tamanu Anti-Frizz Conditioner,$9.79$13.99
Nick Stenson Beauty,Volume Conditioner,$34.00
MONDAY Haircare,REPAIR Conditioner,$7.99
SheaMoisture,100% Virgin Coconut Oil Daily Hydration Conditioner,$12.49
Paul Mitchell,Travel Size Tea Tree Special Conditioner,$9.50
KRISTIN ESS HAIR,Travel Size One Signature Conditioner,$6.99
Bondi Boost,Brunette Booster Color Depositing Blue Conditioner,$30.00
Paul Mitchell,Clean Beauty Everyday Conditioner,$28.50
SoCozy,Curl Conditioner Ultra - Hydrating Conditioner for Kids,$9.99 - $13.99
Bumble and bumble,Travel Size Super Rich Conditioner,$16.00
Carol's Daughter,Born To Repair Nourishing Conditioner With Shea Butter,$13.99
Grow Gorgeous,Intense Thickening Conditioner,$20.00
Ouidad,Mini Advanced Climate Control Defrizzing Conditioner,$10.00
L'Oréal,EverPure Sulfate Free Frizz Defy Conditioner,$9.99
Duke Cannon Supply Co,News Anchor Power Mint Conditioner,$11.24$14.99
Pacifica,Banana Cream Beachy Texture Cream Conditioner,$11.00
Paul Mitchell,Travel Size Awapuhi Wild Ginger Cream Rinse,$12.50
LolaVie,Travel Size Restorative Conditioner,$15.00
MONDAY Haircare,CLARIFY Conditioner,$7.99
Sexy Hair,Healthy Sexy Hair Color Lock Conditioner,$21.95
Drybar,Agua Fresca Hydrating Conditioner,$29.00
Not Your Mother's,Plump For Joy Volumizing Foam Conditioner,$4.99$9.99
Bumble and bumble,Liter Pump,$3.00
LUSH,Glory Conditioner,$15.50
Chi,Keratin Leave-In Conditioner Reconstructing Treatment,$17.75
OGX,Nourishing + Coconut Milk Conditioner,$10.69 - $17.79
DERMA E,Therapeutic Mint Thickening Conditioner,$7.80$13.00
dpHUE,ACV Revitalizing Conditioner,$32.00
Joico,Travel Size Color Balance Purple Conditioner,$6.30$9.00
L'anza,Travel Size Keratin Healing Oil Lustrous Conditioner,$15.00
Bumble and bumble,Travel Size Seaweed Nourishing Conditioner,$16.00
Kitsch,Ultra Sensitive Solid Conditioner & Shave Bar,$14.00
tgin,Rose Water Smoothing Leave In Conditioner,$15.99
Paul Mitchell,Tea Tree Hemp Restoring Conditioner & Body Lotion,$25.00 - $56.00
MONDAY Haircare,COLOR PROTECT Conditioner,$7.99
Keranique,Damage Control Follicle Strengthening Conditioner,$24.00
Madison Reed,ColorSolve Bond Building Conditioner,$24.00
Kenra Professional,AllCurl Balancing Conditioner,$20.00
Bumble and bumble,Travel Size Bond-Building Repair Conditioner,$16.00
Sun Bum,Revitalizing Conditioner,$10.99
Billy Jealousy,Typhoon Tango Tea Tree Conditioner,$16.00
dpHUE,Color Fresh Conditioner,$26.00
LUSH,Power Conditioner,$15.50
Bed Head,Serial Blonde Conditioner For Damaged Blonde Hair,$17.50 - $34.00
Bumble and bumble,Travel Size Curl 3-in-1 Moisturizing Conditioner,$16.00
Paul Mitchell,Neuro Rinse HeatCTRL Conditioner,$29.50
SoCozy,Swim 3-In-1 Shampoo Conditioner Body Wash Activated Charcoal for Kids,$11.99
Biosilk,Silk Therapy Irresistible Conditioner,$11.00
Eva Nyc,Lift Off Volume Conditioner,$14.00
Hot Tools,Pro Artist Restorative Heat Care Repair and Protect Conditioner,$25.00
Wet Brush,Kids Slick Detangling Conditioner,$8.39$11.99
Pacifica,Coconut Vanilla Moisturizing Conditioner,$11.00
OGX,Damage Remedy + Coconut Miracle Oil Conditioner,$10.69
Keranique,Scalp Restore Scalp Calming Conditioner,$24.00
Chi,Vibes Hair To Slay Split End Mending Conditioner,$18.00
Pacifica,Vanilla Oat Milk Volumizing Conditioner,$11.00
Ouidad,Travel Size Curl Shaper Double Duty Weightless Cleansing Conditioner,$12.00
dpHUE,Gentle Brightening Sulfate-Free Conditioner,$28.00
DevaCurl,Travel Size ONE CONDITION ORIGINAL Rich Cream Conditioner,$14.00
dpHUE,Cool Blonde Conditioner,$28.00
Bed Head,Down N' Dirty Lightweight Conditioner For Detox And Repair,$17.50
PATTERN,Travel Size Intensive Conditioner For Curls & Coils,$12.00
Bed Head,Bigger The Better Lightweight Volume Conditioner For Fine Hair,$15.50
Sun Bum,Blonde Purple Conditioner,$10.99
Bed Head,Travel Size Resurrection Repair Conditioner For Damaged Hair,$7.00
Alterna,My Hair My Canvas Begin Again Curl Conditioner,$30.00
Bumble and bumble,Travel Size Thickening Volume Conditioner,$16.00
Rizos Curls,Travel Size Deep Conditioner,$11.00
Kitsch,Ultra Sensitive Solid Shampoo & Body Wash and Conditioner & Shave Bar Combo Pack,$28.00
Sun Bum,Curls Conditioner,$10.99
Joico,Travel Size YouthLock Conditioner Formulated With Collagen,$6.30$9.00
PATTERN,Travel Size Lightweight Conditioner,$12.00
Beast,Travel Size Hydrating Conditioner Pouch,$7.50
Paul Mitchell,Travel Size Awapuhi Wild Ginger HydraSoft Conditioner,$12.50
Keratin Complex,Blondeshell Debrass Conditioner,$50.00
dpHUE,Cool Brunette Conditioner,$28.00
OGX,Thick & Full Biotin & Collagen Conditioner,$10.69
Paul Mitchell,Travel Size Extra-Body Conditioner,$7.50
Sun Bum,Travel Size Revitalizing Conditioner,$5.49
It's A 10,Travel Size Miracle Daily Conditioner,$13.00
FEKKAI,Shea Butter Conditioner,$28.50
Paul Mitchell,Travel Size Original The Detangler,$7.50
Bed Head,Travel Size Recovery Moisturizing Conditioner For Dry Hair,$7.00
Biolage,Travel Size Bond Therapy Conditioner,$8.00
Pacifica,Jasmine Agave Strength + Shine Foaming Shampoo,$11.00
Biolage,Travel Size Strength Recovery Conditioner for Damaged Hair,$6.50
FEKKAI,Travel Size Full Blown Volume Conditioner,$9.00
IGK,Blonde Pop Conditioner,$32.00
Bed Head,Travel Size Colour Goddess Conditioner For Coloured Hair,$7.00
Ouidad,Travel Size Unbreakable Bonds Bond Building Conditioner,$11.00
PATTERN,Travel Size Heavy Conditioner For Coilies,$12.00
Bed Head,Gimme Grip Texturizing Conditioner For Hair Texture,$17.50
Living Proof,Travel Size Curl Conditioner,$18.00
Paul Mitchell,Travel Size Color Protect Conditioner,$7.50
Kenra Professional,Simply Add Water Conditioner,$30.00
Andrew Fitzsimons,Prism Shine Glossy Conditioner,$16.00
Paul Mitchell,Travel Size Tea Tree Special Color Conditioner,$9.50
Beachwaver Co.,BRB Blonde Purple Conditioner,$28.00
Keratin Complex,Timeless Color Fade-Defy Conditioner,$44.00
Pureology,Travel Size Strength Cure Blonde Purple Conditioner,$11.00
Beachwaver Co.,Good Vibes Moisturizing Conditioner,$24.00
Beast,Hydrating Conditioner Pouch,$17.50
Bumble and bumble,Illuminated Blonde Purple Conditioner,$113.00
